{
  "id": "",
  "name": "",
  "font_family": "iconfont",
  "css_prefix_text": "icon-",
  "description": "",
  "glyphs": [
    {
      "icon_id": "547419",
      "name": "close",
      "font_class": "close",
      "unicode": "e608",
      "unicode_decimal": 58888
    },
    {
      "icon_id": "577319",
      "name": "问号",
      "font_class": "wenhao",
      "unicode": "e72d",
      "unicode_decimal": 59181
    },
    {
      "icon_id": "604645",
      "name": "收藏",
      "font_class": "shoucang",
      "unicode": "e629",
      "unicode_decimal": 58921
    },
    {
      "icon_id": "1240750",
      "name": "评论",
      "font_class": "pinglun",
      "unicode": "e60c",
      "unicode_decimal": 58892
    },
    {
      "icon_id": "2076193",
      "name": "喜欢2",
      "font_class": "xihuan",
      "unicode": "e86f",
      "unicode_decimal": 59503
    },
    {
      "icon_id": "2743881",
      "name": "更多",
      "font_class": "gengduo",
      "unicode": "e641",
      "unicode_decimal": 58945
    }
  ]
}
